{"cameraMode":{"drawMode":0,"name":"Shaded","section":"Shading Mode"},"sceneLighting":false,"audioPlay":false,"sceneViewState":{"showFog":true,"showMaterialUpdate":false,"showSkybox":false,"showFlares":true,"showImageEffects":true,"showParticleSystems":true},"in2DMode":false,"pivot":{"x":-6.407219409942627,"y":6.418388366699219,"z":2.4049715995788576},"rotation":{"x":-0.04696881026029587,"y":0.9480624198913574,"z":-0.16694830358028413,"w":-0.2666735351085663},"size":7.115264892578125,"orthographic":false}