{"cameraMode":{"drawMode":0,"name":"Shaded","section":"Shading Mode"},"sceneLighting":false,"audioPlay":false,"sceneViewState":{"showFog":true,"showMaterialUpdate":false,"showSkybox":false,"showFlares":true,"showImageEffects":true,"showParticleSystems":true},"in2DMode":false,"pivot":{"x":3.0953457355499269,"y":5.09489631652832,"z":-1.0917186737060547},"rotation":{"x":-0.1773132085800171,"y":0.47597336769104006,"z":-0.09861807525157929,"w":-0.8557443022727966},"size":22.0,"orthographic":false}