{"cameraMode":{"drawMode":0,"name":"Shaded","section":"Shading Mode"},"sceneLighting":false,"audioPlay":false,"sceneViewState":{"showFog":true,"showMaterialUpdate":false,"showSkybox":false,"showFlares":true,"showImageEffects":true,"showParticleSystems":true},"in2DMode":false,"pivot":{"x":13.458839416503907,"y":30.708843231201173,"z":121.08808135986328},"rotation":{"x":-0.04696881026029587,"y":0.9480624198913574,"z":-0.16694830358028413,"w":-0.2666735351085663},"size":4.723394393920898,"orthographic":false}