{"cameraMode":{"drawMode":0,"name":"Shaded","section":"Shading Mode"},"sceneLighting":false,"audioPlay":false,"sceneViewState":{"showFog":true,"showMaterialUpdate":false,"showSkybox":false,"showFlares":true,"showImageEffects":true,"showParticleSystems":true},"in2DMode":false,"pivot":{"x":-238.9744415283203,"y":-5.715254783630371,"z":-172.3768768310547},"rotation":{"x":-0.1773132085800171,"y":0.47597336769104006,"z":-0.09861807525157929,"w":-0.8557443022727966},"size":5.41571569442749,"orthographic":false}