{"cameraMode":{"drawMode":0,"name":"Shaded","section":"Shading Mode"},"sceneLighting":false,"audioPlay":false,"sceneViewState":{"showFog":true,"showMaterialUpdate":false,"showSkybox":false,"showFlares":true,"showImageEffects":true,"showParticleSystems":true},"in2DMode":false,"pivot":{"x":-236.29212951660157,"y":-2.910872459411621,"z":-172.21229553222657},"rotation":{"x":-0.1773132085800171,"y":0.47597336769104006,"z":-0.09861807525157929,"w":-0.8557443022727966},"size":4.335263252258301,"orthographic":false}