{"cameraMode":{"drawMode":0,"name":"Shaded","section":"Shading Mode"},"sceneLighting":false,"audioPlay":false,"sceneViewState":{"showFog":true,"showMaterialUpdate":false,"showSkybox":false,"showFlares":true,"showImageEffects":true,"showParticleSystems":true},"in2DMode":false,"pivot":{"x":14.317207336425782,"y":29.896467208862306,"z":121.08808135986328},"rotation":{"x":-0.04696881026029587,"y":0.9480624198913574,"z":-0.16694830358028413,"w":-0.2666735351085663},"size":4.723392486572266,"orthographic":false}