{"cameraMode":{"drawMode":0,"name":"Shaded","section":"Shading Mode"},"sceneLighting":false,"audioPlay":false,"sceneViewState":{"showFog":true,"showMaterialUpdate":false,"showSkybox":false,"showFlares":true,"showImageEffects":true,"showParticleSystems":true},"in2DMode":false,"pivot":{"x":51.11106491088867,"y":40.883018493652347,"z":104.49392700195313},"rotation":{"x":-0.16368530690670014,"y":-0.6069958209991455,"z":0.12957759201526643,"w":-0.7668139934539795},"size":22.0,"orthographic":false}